"ModelID","Paper","Authors","Year","Journal","ModelType","Economy","Category","KeyFeatures"
"BRA_SAMBA08_rep","SAMBA: Stochastic Analytical Model with a Bayesian Approach","Marcos R. de Castro, Solange N. Gouvea, Andre Minella, Rafael C. dos Santos, Nelson F. Souza-Sobrinho","2008 (Working Paper; published 2011 as BCB Working Papers Series 239)","Brazilian Review of Econometrics / Central Bank of Brazil Working Paper 239","New Keynesian DSGE, small open economy","Brazil","14. Large Official Policy Models","Bayesian estimation, hand-to-mouth HH, regulated prices, fiscal surplus targeting, imported intermediates, Calvo prices, investment adj. costs, small open economy"
"CA_BMZ12_rep","Macroprudential Rules and Monetary Policy when Financial Frictions Matter","Jeannine Bailliu, Cesaire Meh, Yahong Zhang","2012","Bank of Canada Staff Working Paper 2012-6 (later published in Economic Modelling)","New Keynesian DSGE with financial frictions and macroprudential policy","Canada","13. Macroprudential Policy","credit frictions, banking sector, macroprudential policy, Bayesian estimation, Flexible-price"
"CA_LS07_rep","Do Central Banks Respond to Exchange Rate Movements? A Structural Investigation","Thomas A. Lubik, Frank Schorfheide","2007","Journal of Monetary Economics, Vol. 54(4), pp. 1069-1087","New Keynesian DSGE, small open economy (linearized)","Canada (and other small open economies; Canada variant used here)","6. Open Economy / Multi-Country","small open economy, Includes terms of trade, Bayesian estimation, World"
"CA_ToTEM10_rep","ToTEM: The Bank of Canada's New Quarterly Projection Model","Stephen Murchison, Andrew Rennison","2006 (Technical Report; updated/referenced version in MMB as of 2010)","Bank of Canada Technical Report No. 97","New Keynesian DSGE, open economy, large-scale projection model","Canada","14. Large Official Policy Models","large-scale multi-sector, Produces four distinct finished goods, Contains a commodity-producing sector, Calvo prices+wages, investment adj. costs, multi-instrument fiscal block, Features a net foreign asset, World"
"CL_MS07_rep","The Chilean Business Cycles Through the Lens of a Stochastic General Equilibrium Model","Juan Pablo Medina, Claudio Soto","2007","Working Papers Central Bank of Chile No. 457","New Keynesian DSGE, small open economy","Chile","6. Open Economy / Multi-Country","small open economy, Features multiple production sectors, Includes a commodity, habit formation, investment adj. costs, fiscal rule, incomplete pass-through, Bayesian estimation"
"DEREA_GEAR16_rep","Fiscal Policy during the Crisis: A Look on Germany and the Euro Area with GEAR","Niklas Gadatsch, Klemens Hauzenberger, Nikolai Stahler","2016","Economic Modelling, Vol. 52(Part B), pp. 997-1016","New Keynesian DSGE, three-region (two-country monetary union + rest of world)","Germany, Euro Area (excluding Germany), and Rest of World","7. Fiscal Policy / Government Spending","three-country, two-country, distortionary taxes, Nash bargaining, rule-of-thumb HH, Calvo prices+wages, investment adj. costs"
"EA_ALSV06_rep","Money in an Estimated Business Cycle Model of the Euro Area","Javier Andres, J. David Lopez-Salido, Javier Valles","2006","The Economic Journal, Vol. 116 (April), pp. 457-477 (earlier: Banco de Espana Working Paper 0121, 2001)","New Keynesian DSGE with money","Euro Area","11. Money-in-the-Model","habit formation, money-in-utility (MIU), Calvo prices, Bayesian estimation"
"EA_AWM05_rep","An Area-Wide Model (AWM) for the Euro Area","Gabriel Fagan, Jerome Henry, Ricardo Mestre","2005 (original ECB WP 2001; updated 2005)","ECB Working Paper No. 42, January 2001 (updated version published as ECB WP 2005)","Large-scale macroeconometric model (semi-structural / backward-looking, not micro-founded DSGE)","Euro Area","14. Large Official Policy Models","Area-Wide Model, Semi-structural model with many equations, Extensive use of lagged variables, Includes a detailed external sector, Labor market block, Government sector, Long-run restrictions"
"EA_BE15_rep","Money in the Production Function: A New Keynesian DSGE Perspective","Jonathan Benchimol","2015","Southern Economic Journal, Vol. 82(1), pp. 152-184","New Keynesian DSGE with money in the production function","Euro Area","11. Money-in-the-Model","money-in-production (MIP), Money-in-production-function, Unconstrained returns to scale, Bayesian estimation, Includes both nominal + flexible-price"
"EA_BF17_rep","Money and Monetary Policy in the Eurozone: An Empirical Analysis During Crises","Jonathan Benchimol, Andre Fourcans","2017","Macroeconomic Dynamics, Vol. 21(3), pp. 677-707","New Keynesian DSGE with money in the production function","Euro Area","11. Money-in-the-Model","money-in-production (MIP), Bayesian estimation, model"
"EA_CKL09_rep","The Role of Labor Markets for Euro Area Monetary Policy","Kai Christoffel, Keith Kuester, Tobias Linzert","2009","European Economic Review, Vol. 53(8), pp. 908-936","New Keynesian DSGE with labor market search and matching frictions","Euro Area","5. Labour Market Frictions (Search & Matching)","search-and-matching, Bayesian estimation, habit formation"
"EA_CW05fm_rep","A Small Estimated Euro Area Model with Rational Expectations and Nominal Rigidities","Guenter Coenen, Volker Wieland","2005","European Economic Review, Vol. 49(5), July 2005, pp. 1081-1104 (earlier: ECB WP 30; CEPR DP 3574)","New Keynesian, small estimated model (linearized), Fuhrer-Moore wage contracting variant","Euro Area","1. Baseline NK / Monetary Policy Rules","intrinsic inflation inertia"
"EA_CW05ta_rep","A Small Estimated Euro Area Model with Rational Expectations and Nominal Rigidities","Guenter Coenen, Volker Wieland","2005","European Economic Review, Vol. 49(5), July 2005, pp. 1081-1104 (earlier: ECB WP 30; CEPR DP 3574)","New Keynesian, small estimated model (linearized), Taylor nominal wage contracting variant","Euro Area","1. Baseline NK / Monetary Policy Rules","staggered wage contracts"
"EA_DKR11_rep","Macroeconomic Propagation under Different Regulatory Regimes: Evidence from an Estimated DSGE Model for the Euro Area","Matthieu Darracq Paries, Christoffer Kok Sorensen, Diego Rodriguez-Palenzuela","2011","International Journal of Central Banking, Vol. 7(4), pp. 49-113","New Keynesian DSGE with banking sector and financial frictions (large-scale)","Euro Area","4. Banking Sector / Bank Capital Channel","banking sector, patient/impatient HH, collateral constraints (LTV), capital accumulation, Rotemberg price adj., external finance premium, credit frictions, bank capital/leverage"
"EA_GE10_rep","The External Finance Premium in the Euro Area: A Dynamic Stochastic General Equilibrium Analysis","Paolo Gelain","2010","North American Journal of Economics and Finance, Vol. 21(1), pp. 49-71 (also ECB Working Paper No. 1171, 2010)","New Keynesian DSGE with financial accelerator (Bernanke-Gertler-Gilchrist)","Euro Area","3. Financial Accelerator / BGG-type Credit Frictions","costly state verification, external finance premium, Bayesian estimation, financial accelerator (BGG)"
"EA_GNSS10_rep","Credit and Banking in a DSGE Model of the Euro Area","Andrea Gerali, Stefano Neri, Luca Sessa, Federico M. Signoretti","2010","Journal of Money, Credit and Banking, Supplement to Vol. 42, No. 6, pp. 107-141","New Keynesian DSGE with banking sector and credit frictions","Euro Area","4. Banking Sector / Bank Capital Channel","banking sector, patient/impatient HH, external finance premium, bank capital/leverage, Rotemberg price adj., investment adj. costs"
"EA_PV15_rep","Cross-Border Banking Flows Spillovers in the Eurozone: Evidence from an Estimated DSGE Model","Jean-Christophe Poutineau, Gauthier Vermandel","2015","Journal of Economic Dynamics and Control, Vol. 51, pp. 378-403","New Keynesian DSGE, two-country monetary union with cross-border banking and financial accelerator","Euro Area (Core and Periphery countries)","6. Open Economy / Multi-Country","two-country, financial accelerator (BGG), Bayesian estimation, credit frictions"
"EA_PV16_rep","The Portfolio Balance Mechanism and QE in the Euro Area","Romanos Priftis, Lukas Vogel","2016","The Manchester School, Vol. 84(S1), pp. 84-105","New Keynesian DSGE with multiple asset classes and quantitative easing (QUEST3 extension)","Euro Area (and Rest of World)","9. Unconventional Monetary Policy / QE","imperfect substitutability, term structure, QE/asset purchases, Liquidity-constrained + Ricardian households, two-country"
"EA_PV17_rep","The Macroeconomic Effects of the ECB's Evolving QE Programme: A Model-Based Analysis","Romanos Priftis, Lukas Vogel","2017","Open Economies Review, Vol. 28(5), pp. 823-845","New Keynesian DSGE with multiple asset classes, cross-border bond holdings, and quantitative easing (QUEST3 extension)","Euro Area (and Rest of World, with cross-border long-term bond holdings)","9. Unconventional Monetary Policy / QE","cross-border banking, imperfect substitutability, QE/asset purchases, two-country"
"EA_QR14_rep","Monetary and Macroprudential Policy in an Estimated DSGE Model of the Euro Area","Dominic Quint, Pau Rabanal","2014","International Journal of Central Banking, Vol. 10(2), pp. 169-236 (earlier IMF WP 13/209)","New Keynesian DSGE, two-country monetary union with housing, collateral constraints, and macroprudential policy","Euro Area (Core and Periphery)","13. Macroprudential Policy","two-country, collateral constraints (LTV), financial accelerator (BGG), currency/monetary union, Bayesian estimation"
"EA_QUEST3_rep","QUEST III: An Estimated Open-Economy DSGE Model of the Euro Area with Fiscal and Monetary Policy","Marco Ratto, Werner Roeger, Jan in 't Veld","2009","Economic Modelling, Vol. 26(1), pp. 222-233","New Keynesian DSGE, large-scale estimated open-economy model","Euro Area","14. Large Official Policy Models","rule-of-thumb HH, distortionary taxes, Calvo prices+wages, investment adj. costs, habit formation, Foreign"
"EA_SR07_rep","Bayesian Estimation of an Open Economy DSGE Model with Incomplete Pass-Through","Malin Adolfson, Stefan Laseen, Jesper Linde, Mattias Villani","2007","Journal of International Economics, Vol. 72(2), pp. 481-511 (also Sveriges Riksbank WP 179, 2005)","New Keynesian DSGE, open economy, Bayesian estimation","Euro Area (estimated as an open economy vis-a-vis the rest of the world)","6. Open Economy / Multi-Country","Bayesian estimation, incomplete pass-through, Calvo prices, UIP risk premium, Smets-Wouters, External VAR for foreign, distortionary taxes"
"EA_SW03_rep","An Estimated Stochastic Dynamic General Equilibrium Model of the Euro Area","Frank Smets, Rafael Wouters","2003","Journal of the European Economic Association, Vol. 1(5), pp. 1123-1175 (earlier ECB WP 171, 2002)","New Keynesian DSGE, medium-scale, Bayesian estimation","Euro Area","2. Estimated DSGE Benchmarks (Smets-Wouters Type)","Calvo prices, Calvo wages, habit formation, investment adj. costs, variable capital util., employment adjustment, 7 structural shocks"
"EA_SWW14_rep","Professional Forecasters and Real-Time Forecasting with a DSGE Model","Frank Smets, Anders Warne, Rafael Wouters","2014","International Journal of Forecasting, Vol. 30(4), pp. 981-995 (earlier ECB WP 1571, 2013)","New Keynesian DSGE with unemployment (Gali-Smets-Wouters extension), Euro Area","Euro Area","2. Estimated DSGE Benchmarks (Smets-Wouters Type)","search-and-matching, Distinguishes natural rate of unemployment, Bayesian estimation, 7 structural shocks"
"EA_VI16bgg_rep","Financial Frictions in the Euro Area and the United States: A Bayesian Assessment","Stefania Villa","2016","Macroeconomic Dynamics, Vol. 20(5), pp. 1313-1340","New Keynesian DSGE with financial accelerator (Smets-Wouters + BGG), Bayesian estimation","Euro Area (BGG variant; companion US variant also exists)","3. Financial Accelerator / BGG-type Credit Frictions","entrepreneurs, external finance premium, Bayesian estimation, Contains all standard Smets-Wouters"
"EA_VI16gk_rep","Financial Frictions in the Euro Area and the United States: A Bayesian Assessment","Stefania Villa","2016","Macroeconomic Dynamics, Vol. 20(5), pp. 1313-1340","New Keynesian DSGE with financial intermediary frictions (Gertler-Karadi variant)","Euro Area","4. Banking Sector / Bank Capital Channel","financial intermediary, banking sector, Bayesian estimation, Calvo prices+wages, habit formation, investment adj. costs, employment adjustment"
"EACZ_GEM03_rep","Monetary Rules for Small, Open, Emerging Economies","Douglas Laxton, Paolo Pesenti","2003","Journal of Monetary Economics, Vol. 50(5), pp. 1109-1146","Multi-sector open economy DSGE (IMF Global Economy Model -GEM variant)","Euro Area and Czech Republic (two-country: home = Czech Republic, foreign = Euro Area)","6. Open Economy / Multi-Country","two-country, commodity/energy sector, Optimal simple rule, Ricardian/non-Ricardian HH"
"EAES_RA09_rep","Inflation Differentials between Spain and the EMU: A DSGE Perspective","Pau Rabanal","2009","Journal of Money, Credit and Banking, Vol. 41(6), pp. 1141-1166","Two-country New Keynesian DSGE with tradable and non-tradable sectors","Spain (home) and Euro Area/EMU (foreign) -currency union","6. Open Economy / Multi-Country","two-country, two-sector, Habit persistence in household consumption, Calvo prices, Bayesian estimation, currency/monetary union"
"EAUS_NAWM08_rep","Tax Reform and Labour-Market Performance in the Euro Area: A Simulation-Based Analysis Using the New Area-Wide Model","Gunter Coenen, Peter McAdam, Roland Straub","2008","Journal of Economic Dynamics and Control, Vol. 32(8), pp. 2543-2583","Two-country open economy New Keynesian DSGE (New Area-Wide Model -NAWM)","Euro Area and United States (two-country)","14. Large Official Policy Models","two-country, distortionary taxes, rule-of-thumb HH, incomplete pass-through, investment adj. costs, habit formation"
"EAUS_NAWMctww_rep","Fiscal Consolidation Strategies","John F. Cogan, John B. Taylor, Volker Wieland, Maik H. Wolters","2013","Journal of Economic Dynamics and Control, Vol. 37(2), pp. 404-421","Two-country open economy New Keynesian DSGE (NAWM re-parameterized variant)","Euro Area and United States (two-country)","14. Large Official Policy Models","two-country, rule-of-thumb HH, investment adj. costs, incomplete pass-through, habit formation"
"ESREA_FIMOD12_rep","FiMod -A DSGE Model for Fiscal Policy Simulations","Nikolai Stahler, Carlos Thomas","2012","Economic Modelling, Vol. 29(2), pp. 239-261","Two-country New Keynesian DSGE with labor market search-and-matching frictions","Spain (home) and Rest of Euro Area (foreign) -calibrated as currency union","7. Fiscal Policy / Government Spending","two-country, search-and-matching, Three labor market pools, public investment, Ricardian/non-Ricardian HH, distortionary taxes, investment adj. costs, Calvo prices"
"FI_AINO16_rep","The Aino 2.0 Model","Juha Kilponen, Seppo Orjasniemi, Antti Ripatti, Fabio Verona","2016","Bank of Finland Research Discussion Paper No. 16/2016","Medium-large scale New Keynesian DSGE with financial sector (open economy)","Finland (small open economy in Euro Area)","14. Large Official Policy Models","small open economy, bank capital/leverage, Bayesian estimation, Multiple sectors, hand-to-mouth HH, inflation indexation, investment adj. costs, Foreign sector"
"G2_SIGMA08_rep","Trade Adjustment and the Composition of Trade","Christopher J. Erceg, Luca Guerrieri, Christopher Gust","2008","Journal of Economic Dynamics and Control, Vol. 32(8), pp. 2622-2650","Two-country open economy New Keynesian DSGE (SIGMA model -Federal Reserve)","Home country and Foreign country (calibrated to US and rest of world)","6. Open Economy / Multi-Country","SIGMA, two-country, term structure, Ricardian/non-Ricardian HH, investment adj. costs, Rich financial sector variables"
"G3_CW03_rep","Inflation Dynamics and International Linkages: A Model of the United States, the Euro Area and Japan","Gunter Coenen, Volker Wieland","2003 (ECB Working Paper No. 181, 2002; published version 2003)","ECB Working Paper No. 181 (September 2002); published in Journal of International Economics","Three-country linearized macroeconomic model with rational expectations and staggered contracts","United States, Euro Area, and Japan (three-country)","6. Open Economy / Multi-Country","three-country, Staggered wage/price contracts, term structure, inflation targeting"
"G7_TAY93_rep","Macroeconomic Policy in a World Economy: From Econometric Design to Practical Operation (Chapter 3)","John B. Taylor","1993","W.W. Norton, New York (book); Chapter 3 covers the G7 multicountry model","Large-scale multicountry empirical macro model with rational expectations and staggered overlapping wage contracts","G7 countries: United States, Canada, France, Germany, Italy, Japan, United Kingdom (plus rest of world)","6. Open Economy / Multi-Country","staggered wage contracts, term structure, trade linkages, Empirically"
"GPM6_IMF13_rep","GPM6: The Global Projection Model with 6 Regions","Ioan Carabenciov, Charles Freedman, Roberto Garcia-Saltos, Douglas Laxton, Ondra Kamenik, Peter Manchev","2013","IMF Working Paper No. WP/13/87","Semi-structural Global Projection Model (calibrated reduced-form DSGE-consistent)","Six global regions: United States (US), Euro Area (EU), Japan (JA), Emerging Asia (EA6), Latin America (LA6), Remaining Countries (RC6)","14. Large Official Policy Models","Bank lending tightening, inflation targeting, commodity/energy sector"
"HK_FP13_rep","Housing Prices and the Business Cycle: An Empirical Application to Hong Kong","Michael Funke, Michael Paetz","2013","Journal of Housing Economics, Vol. 22(1), pp. 62-76","Two-agent, two-sector open economy New Keynesian DSGE with housing and collateral constraints","Hong Kong (small open economy)","8. Housing / Collateral Constraints","two-sector, patient/impatient HH, collateral constraints (LTV), small open economy, Bayesian estimation, Calvo prices, Foreign sector"
"HK_FPP11_rep","Stock Market Wealth Effects in an Estimated DSGE Model for Hong Kong","Michael Funke, Michael Paetz, Ernest Pytlarczyk","2011","Economic Modelling, Vol. 28(1-2), pp. 316-334","Small open economy New Keynesian DSGE with stock market wealth effects","Hong Kong (small open economy)","8. Housing / Collateral Constraints","small open economy, equity/wealth channel, Bayesian estimation, Phillips curve for inflation dynamics, fixed exchange rate, preference/risk-premium shocks"
"NK_AFL15_rep","Monetary Policy and Risk Taking","Ignazio Angeloni, Ester Faia, Marco Lo Duca","2015","Journal of Economic Dynamics and Control, Vol. 52, pp. 285-307","New Keynesian DSGE with banking sector and bank run risk","Generic (calibrated to represent a developed economy, with reference to euro area)","4. Banking Sector / Bank Capital Channel","banking sector, Banks choose funding structure, Risk-taking channel of monetary policy, Calvo prices, investment adj. costs, Government expenditure sector"
"NK_BGEU10_rep","Labor Markets and Monetary Policy: A New Keynesian Model with Unemployment","Olivier Blanchard, Jordi Gali","2010","American Economic Journal: Macroeconomics, Vol. 2(2), pp. 1-30","New Keynesian DSGE with unemployment and search-and-matching labor market","Generic -EU (Euro) specification (rigid labor market calibration)","5. Labour Market Frictions (Search & Matching)","search-and-matching, Two specifications, Calvo prices, Taylor-type monetary policy rule, Simplified model without capital, Nash bargaining"
"NK_BGG99_rep","The Financial Accelerator in a Quantitative Business Cycle Framework","Ben S. Bernanke, Mark Gertler, Simon Gilchrist","1999","Handbook of Macroeconomics, Vol. 1, Ch. 21, pp. 1341-1393 (North Holland, Amsterdam)","New Keynesian DSGE with financial accelerator (BGG framework)","Generic (calibrated to US)","3. Financial Accelerator / BGG-type Credit Frictions","financial accelerator (BGG), costly state verification, Calvo prices, entrepreneur net worth, investment adj. costs, nonlinear model"
"NK_BGUS10_rep","Labor Markets and Monetary Policy: A New Keynesian Model with Unemployment","Olivier Blanchard, Jordi Gali","2010","American Economic Journal: Macroeconomics, Vol. 2(2), pp. 1-30","New Keynesian DSGE with unemployment and search-and-matching labor market","Generic -US (fluid labor market) specification","5. Labour Market Frictions (Search & Matching)","search-and-matching, Two specifications, Calvo prices, Taylor-type monetary policy rule, Simplified model without capital"
"NK_CDK24_RANK_rep","Energy Prices and Household Heterogeneity: Monetary Policy in a Gas-TANK","Jenny Chan, Sebastian Diz, Derrick Kanngiesser","2024","Journal of Monetary Economics, Vol. 147 (2024)","Small open economy New Keynesian DSGE -RANK version (Representative Agent New Keynesian)","Small open economy (generic, calibrated to represent a developed energy-importing economy)","10. Energy & Commodities","heterogeneous agents, imported intermediates, no capital, imported energy inputs, Ramsey optimal policy, Calvo prices, with external sector, Wage flexibility"
"NK_CDK24_TANK_rep","Energy Prices and Household Heterogeneity: Monetary Policy in a Gas-TANK","Jenny Chan, Sebastian Diz, Derrick Kanngiesser","2024","Journal of Monetary Economics, Vol. 147 (2024)","Small open economy New Keynesian DSGE -TANK version (Two-Agent New Keynesian)","Small open economy (generic, calibrated to represent a developed energy-importing economy)","10. Energy & Commodities","hand-to-mouth HH, imported intermediates, no capital, CES aggregation, Unconstrained households, Ramsey optimal policy, Calvo prices, Wage flexibility"
"NK_CFP10_rep","Optimal Monetary Policy in a Model with Agency Costs","Charles T. Carlstrom, Timothy S. Fuerst, Matthias Paustian","2010","Journal of Money, Credit and Banking, Vol. 42(s1), pp. 37-70","New Keynesian DSGE with financial frictions (agency costs / costly state verification)","Generic (calibrated to US)","3. Financial Accelerator / BGG-type Credit Frictions","costly state verification, financial intermediary, external finance premium, Asset price, Calvo prices, Labor supplied by households, Model, Credit distortion"
"NK_CGG02_rep","A Simple Framework for International Monetary Policy Analysis","Richard Clarida, Jordi Gali, Mark Gertler","2002","Journal of Monetary Economics, Vol. 49(5), pp. 879-904","Two-country small open economy New Keynesian DSGE","Home country (small open economy) and Foreign country (large economy) -generic","6. Open Economy / Multi-Country","two-country, small open economy, UIP risk premium, Parameter values taken from Gali-Monacelli"
"NK_CGG99_rep","The Science of Monetary Policy: A New Keynesian Perspective","Richard Clarida, Jordi Gali, Mark Gertler","1999","Journal of Economic Literature, Vol. 37(4), pp. 1661-1707","Simple New Keynesian model (IS-PC-MP three-equation system) -extended hybrid version","Generic closed economy (calibrated to US using Rotemberg-Woodford 1997 parameters)","1. Baseline NK / Monetary Policy Rules","Canonical three-equation New Keynesian framework, hybrid version, Output persistence, Inflation persistence, Model without capital, Parameters from Rotemberg-Woodford"
"NK_CK08_rep","Resuscitating the Wage Channel in Models with Unemployment Fluctuations","Kai Christoffel, Keith Kuester","2008","Journal of Monetary Economics, Vol. 55(5), pp. 865-887","New Keynesian DSGE with search-and-matching labor market frictions (monthly frequency, recalibrated quarterly)","Generic (recalibrated to quarterly frequency from original monthly calibration)","5. Labour Market Frictions (Search & Matching)","search-and-matching, Right-to-manage wage bargaining, Calvo prices, Monopolistically competitive intermediate goods firms, Competitive final goods firm, price + wage Phillips curves"
"NK_CKL09_rep","The Role of Labor Markets for Euro Area Monetary Policy","Kai Christoffel, Keith Kuester, Tobias Linzert","2009","European Economic Review, Vol. 53(8), pp. 908-936","New Keynesian DSGE with search-and-matching labor market frictions (calibrated to Euro Area)","Euro Area","5. Labour Market Frictions (Search & Matching)","search-and-matching, Right-to-manage wage bargaining, Calvo prices, Monopolistically competitive intermediate goods firms, Investment + government spending"
"NK_CW09_rep","Credit Frictions and Optimal Monetary Policy","Vasco Curdia, Michael Woodford","2009 (BIS Working Paper); published version 2016","BIS Working Papers No. 278, 2009; Journal of Monetary Economics, Vol. 84, pp. 30-65, 2016","New Keynesian DSGE with heterogeneous households and credit frictions","Generic (calibrated to US)","3. Financial Accelerator / BGG-type Credit Frictions","patient/impatient HH, credit frictions, Government bonds, Calvo prices, linear"
"NK_DEFK17_rep","Output Gap, Monetary Policy Trade-offs and Financial Frictions","Fiorella De Fiore, Francesco Ferrante, Oezge Karaoglu","2017","Working Paper (presented at AEA 2018; published in Review of Economic Dynamics 2020)","New Keynesian DSGE with Financial Frictions","Closed economy (calibrated to the US)","3. Financial Accelerator / BGG-type Credit Frictions","credit frictions, Capitalized gross profits, Fixed costs in the retail, Calvo prices, investment adj. costs, banking sector"
"NK_DT12_rep","Optimal Monetary Policy in a Model of the Credit Channel","Fiorella De Fiore, Oreste Tristani","2013 (published; circulated 2012 as revised ECB WP 1043)","Economic Journal, Vol. 123, No. 571, pp. 906-931","New Keynesian DSGE with Financial Frictions and Banking","Closed economy (calibrated to US data)","3. Financial Accelerator / BGG-type Credit Frictions","costly state verification, endogenous default, Calvo prices, risk/uncertainty shocks"
"NK_ET14_rep","Unconventional Government Debt Purchases as a Supplement to Conventional Monetary Policy","Martin Ellison, Andreas Tischbirek","2014","Journal of Economic Dynamics and Control, Vol. 43, pp. 199-217","New Keynesian DSGE with Unconventional Monetary Policy (QE)","Closed economy (stylized)","9. Unconventional Monetary Policy / QE","QE/asset purchases, Calvo prices+wages, investment adj. costs, imperfect substitutability, Multiple preference + technology shocks"
"NK_FLMF18_rep","Monetary Policy Spillovers, Global Commodity Prices and Cooperation","Andrew Filardo, Marco Jacopo Lombardi, Carlos Montoro, Massimo Ferrari","2018","BIS Working Papers No. 696 (Bank for International Settlements); earlier version: Banco Central de Reserva del Peru Working Papers 2018-002","New Keynesian DSGE, Small Open Economy with Commodity Sector","Small open economy with a foreign (rest-of-world) block; commodity prices determined globally","6. Open Economy / Multi-Country","small open economy, Commodity goods enter both consumption, Foreign share in CPI, commodity/energy sector, Calvo prices, Multiple equilibrium concepts"
"NK_FNL23_rep","Toward a Green Economy: The Role of Central Bank's Asset Purchases","Alessandro Ferrari, Valerio Nispi Landi","2023","International Journal of Central Banking (IJCB), Vol. 19, No. 5","New Keynesian DSGE with Green and Brown Production Sectors","Closed economy with two production sectors (green and brown)","9. Unconventional Monetary Policy / QE","green/brown sectors, QE/asset purchases, firm-specific capital, imperfect substitutability, emission/carbon tax, carbon/pollution dynamics"
"NK_FNL23_rep_trans","Toward a Green Economy: The Role of Central Bank's Asset Purchases (Transition Scenario)","Alessandro Ferrari, Valerio Nispi Landi","2023","International Journal of Central Banking (IJCB), Vol. 19, No. 5","New Keynesian DSGE with Green and Brown Sectors - Transition Path Variant","Closed economy with two production sectors (green and brown)","9. Unconventional Monetary Policy / QE","emission/carbon tax, QE/asset purchases, Perfect-foresight/deterministic transition dynamics, green/brown sectors"
"NK_GHP16_rep","Housework and Fiscal Expansions","Stefano Gnocchi, Daniela Hauser, Evi Pappa","2016","Journal of Monetary Economics, Vol. 79, pp. 94-108","New Keynesian DSGE with Home Production","Closed economy (calibrated to the US)","5. Labour Market Frictions (Search & Matching)","home production, Two types of capital, Two types of consumption, Home + market labor, Calvo prices, investment adj. costs"
"NK_GK09lin_rep","Financial Intermediation and Credit Policy in Business Cycle Analysis","Mark Gertler, Nobuhiro Kiyotaki","2010 (circulated 2009; published in Handbook of Monetary Economics)","Handbook of Monetary Economics, Volume 3, Chapter 11, pp. 547-599 (Elsevier)","New Keynesian DSGE with Financial Intermediation (Linearized Version)","Closed economy (calibrated to the US)","4. Banking Sector / Bank Capital Channel","financial intermediary, Leverage ratio, Bank diversion friction, Calvo prices, habit formation, variable capital util., investment adj. costs, external finance premium"
"NK_GK11_rep","A Model of Unconventional Monetary Policy","Mark Gertler, Peter Karadi","2011","Journal of Monetary Economics, Vol. 58, No. 1, pp. 17-34","New Keynesian DSGE with Financial Intermediaries and Unconventional Monetary Policy","Closed economy (calibrated to the US)","4. Banking Sector / Bank Capital Channel","financial intermediary, QE/asset purchases, Calvo prices, habit formation, variable capital util., investment adj. costs, bank capital/leverage, Government spending sector included"
"NK_GK13_rep","QE 1 vs. 2 vs. 3...: A Framework for Analyzing Large-Scale Asset Purchases as a Monetary Policy Tool","Mark Gertler, Peter Karadi","2013","International Journal of Central Banking, Vol. 9, Supplement 1, pp. 5-53","New Keynesian DSGE with Financial Intermediaries, Government Bonds, and QE Programs","Closed economy (calibrated to the US)","4. Banking Sector / Bank Capital Channel","Gertler-Karadi, Two separate leverage/agency constraints, Distinct bank balance sheet accounting, Separate premia for capital, Models QE1, ZLB, Calvo prices, investment adj. costs"
"NK_GLSV07_rep","Understanding the Effects of Government Spending on Consumption","Jordi Gali, J. David Lopez-Salido, Javier Valles","2007","Journal of the European Economic Association, Vol. 5, No. 1, pp. 227-270","New Keynesian DSGE with Rule-of-Thumb Consumers","Closed economy (calibrated to the US)","7. Fiscal Policy / Government Spending","rule-of-thumb HH, markup shocks, Calvo prices, capital accumulation, deficit financing"
"NK_GM05_rep","Monetary Policy and Exchange Rate Volatility in a Small Open Economy","Jordi Gali, Tommaso Monacelli","2005","Review of Economic Studies, Vol. 72, No. 3, pp. 707-734","New Keynesian DSGE, Small Open Economy","Small open economy (SOE) facing an exogenous rest-of-world block","6. Open Economy / Multi-Country","small open economy, Domestic inflation, UIP risk premium, Calvo prices, inflation targeting, World economy is exogenous, Terms of trade"
"NK_GM07_rep","Banking and Interest Rates in Monetary Policy Analysis: A Quantitative Exploration","Marvin Goodfriend, Bennett T. McCallum","2007","Journal of Monetary Economics, Vol. 54, No. 5, pp. 1480-1507","New Keynesian DSGE with Explicit Banking Sector","Closed economy (calibrated to the US)","11. Money-in-the-Model","banking sector, Three types of assets, Banking uses collateral, Multiple interest rate spreads, external finance premium, Money in the model, Calvo prices, capital accumulation"
"NK_GM16_rep","Understanding the Gains from Wage Flexibility: The Exchange Rate Connection","Jordi Gali, Tommaso Monacelli","2016","American Economic Review, Vol. 106, No. 12, pp. 3829-3868","New Keynesian DSGE, Small Open Economy in Currency Union","Small open economy (SOE) in a currency union (no independent nominal exchange rate)","5. Labour Market Frictions (Search & Matching)","small open economy, currency/monetary union, Calvo prices+wages, Multiple gap variables"
"NK_GS14_rep","Should Monetary Policy Lean Against the Wind? An Analysis Based on a DSGE Model with Banking","Leonardo Gambacorta, Federico Maria Signoretti","2014","Journal of Economic Dynamics and Control, Vol. 43, pp. 146-174","New Keynesian DSGE with Financial Frictions and Banking Sector","Closed economy (calibrated to the euro area / US)","13. Macroprudential Policy","patient/impatient HH, Banks intermediate between patient households, bank capital/leverage, collateral constraints (LTV), Calvo prices, Borrowing constraint"
"NK_GSSZ17_rep","Inflation Dynamics during the Financial Crisis","Simon Gilchrist, Raphael Schoenle, Jae Sim, Egon Zakrajsek","2017","American Economic Review, Vol. 107, No. 3, pp. 785-823","New Keynesian DSGE with Financial Frictions in Price-Setting","Closed economy (calibrated to the US)","3. Financial Accelerator / BGG-type Credit Frictions","credit frictions, Firms issue equity, habit formation, Calvo prices, preference/risk-premium shocks"
"NK_IR04_rep","Money's Role in the Monetary Business Cycle","Peter N. Ireland","2004","Journal of Money, Credit and Banking, Vol. 36, No. 6, pp. 969-983","New Keynesian DSGE with Money (Real Balance Effect)","Closed economy (estimated on US data)","11. Money-in-the-Model","money-in-utility (MIU), ML estimation, Money demand equation"
"NK_JO15_ht_rep","Productivity Shocks and Monetary Policy in a Two-Country Model","Tae-Seok Jang, Eiji Okano","2015","Frontiers of Economics in China, Vol. 10, No. 1, pp. 7-37","New Keynesian Two-Country (Two-Region) Open Economy DSGE","Two-country model (domestic and foreign economies); High Trade Openness variant (alpha = 0.9)","6. Open Economy / Multi-Country","two-country, High level of trade openness, Calvo prices, UIP risk premium, Output gap"
"NK_JO15_lt_rep","Productivity Shocks and Monetary Policy in a Two-Country Model","Tae-Seok Jang, Eiji Okano","2015","Frontiers of Economics in China, Vol. 10, No. 1, pp. 7-37","New Keynesian Two-Country (Two-Region) Open Economy DSGE","Two-country model (domestic and foreign economies); Low Trade Openness variant (alpha = 0.1)","6. Open Economy / Multi-Country","two-country, Low level of trade openness, Calvo prices, UIP risk premium, Output gap"
"NK_KM16_rep","Public Debt and Changing Inflation Targets","Michael U. Krause, Stephane Moyen","2016","American Economic Journal: Macroeconomics, Vol. 8, No. 4, pp. 142-176","New Keynesian DSGE with Government Debt and Imperfectly Observed Inflation Target","Closed economy (calibrated to the US)","1. Baseline NK / Monetary Policy Rules","inflation targeting, Money demand, Two variants tracked, Calvo prices, fiscal rule, Distinction between short-term deposits, Government spending + debt"
"NK_KRS12_rep","Monetary and Macroprudential Policy Rules in a Model with House Price Booms","Prakash Kannan, Pau Rabanal, Alasdair M. Scott","2012","B.E. Journal of Macroeconomics, Vol. 12, No. 1, Article 16, pp. 1-44","New Keynesian DSGE with Housing, Collateral Constraints, and Macroprudential Policy","Closed economy with two sectors (consumption goods and housing)","8. Housing / Collateral Constraints","housing market, patient/impatient HH, collateral constraints (LTV), Calvo prices"
"NK_KW16_rep","Fiscal Deficits, Financial Fragility, and the Effectiveness of Government Policies","Markus Kirchner, Sweder van Wijnbergen","2016","Journal of Monetary Economics, Vol. 80, pp. 51-68","New Keynesian DSGE with Banking Sector and Sovereign Debt","Closed economy (calibrated to euro area)","4. Banking Sector / Bank Capital Channel","financial intermediary, govt debt dynamics, Asset choice by banks, bank capital/leverage, Fiscal sector, Calvo prices, investment adj. costs, ZLB"
"NK_LWW03_rep","The Performance of Forecast-Based Monetary Policy Rules Under Model Uncertainty","Andrew T. Levin, Volker Wieland, John C. Williams","2003","American Economic Review, Vol. 93, No. 3, pp. 622-645","Small Semi-Structural New Keynesian Model (linearized)","Closed economy (calibrated to the US)","1. Baseline NK / Monetary Policy Rules","IS curve, Phillips curve, Natural rate of interest, Cost-push / inflation persistence shock, Quarterly frequency calibration"
"NK_MCN99cr_rep","Performance of Operational Policy Rules in an Estimated Semiclassical Structural Model","Bennett T. McCallum, Edward Nelson","1999","In: John B. Taylor (ed.), Monetary Policy Rules. Chicago: University of Chicago Press for NBER, pp. 15-56","Semi-Classical / Hybrid New Keynesian Model (linearized), CR variant","Closed economy (estimated on US data)","1. Baseline NK / Monetary Policy Rules","Aggregate demand, real balance effect, Multiple assets, Stochastic trends in output, Estimated on US data, credit frictions"
"NK_MI14_rep","A Theory of Countercyclical Government Multiplier","Pascal Michaillat","2014","American Economic Journal: Macroeconomics, Vol. 6, No. 1, pp. 190-217","New Keynesian DSGE with Search-and-Matching Labor Market","Closed economy (calibrated to the US)","5. Labour Market Frictions (Search & Matching)","search-and-matching, Labor market tightness, Unemployment, Government employment, Job matching function, Nash bargaining, Rotemberg price adj., Quasi-labor supply is convex"
"NK_MM10_rep","The Role of Bank Capital in the Propagation of Shocks","Cesaire Meh and Kevin Moran","2010","Journal of Economic Dynamics and Control, Vol. 34, pp. 555-576","New Keynesian DSGE with Banking Sector","United States (stylized)","4. Banking Sector / Bank Capital Channel","Three agent types, bank capital/leverage, Calvo prices+wages, habit formation, money-in-utility (MIU)"
"NK_MPT10_rep","Unemployment Fiscal Multipliers","Tommaso Monacelli, Roberto Perotti, and Antonella Trigari","2010","Journal of Monetary Economics, Vol. 57, pp. 531-553","New Keynesian DSGE with Search and Matching Labor Market","United States (monthly calibration)","5. Labour Market Frictions (Search & Matching)","search-and-matching, Calvo prices, investment adj. costs, habit formation, Nash bargaining, Endogenous unemployment + vacancy posting, Flexible-price"
"NK_NS14_rep","Fiscal Stimulus in a Monetary Union: Evidence from US Regions","Emi Nakamura and Jon Steinsson","2014","American Economic Review, Vol. 104, No. 3, pp. 753-792","New Keynesian DSGE, Two-Region Open Economy (Linear)","Two-country/two-region monetary union (calibrated to US)","7. Fiscal Policy / Government Spending","two-country, Calvo prices, capital accumulation, CES aggregation"
"NK_PP17_rep","Coordinating Monetary and Macroprudential Policies","Bianca De Paoli and Matthias Paustian","2017","Journal of Money, Credit and Banking, Vol. 49, pp. 319-349","New Keynesian DSGE with Financial Frictions (Linear)","Stylized (United States calibration)","13. Macroprudential Policy","credit frictions, financial intermediary, banking sector, Rotemberg price adj., macroprudential policy"
"NK_PSV16_rep","The Price of Capital and the Financial Accelerator","Roberto Pancrazi, Hern谩n D. Seoane, and Marija Vukotic","2016","Economics Letters, Vol. 149, pp. 86-89","New Keynesian DSGE with Financial Accelerator (BGG-type)","Stylized (US-calibrated)","3. Financial Accelerator / BGG-type Credit Frictions","financial accelerator (BGG), Phillips curve, costly state verification, Tobin's Q investment channel"
"NK_RA16_rep","Bank Leverage Cycles and the External Finance Premium","Ansgar Rannenberg","2016","Journal of Money, Credit and Banking, Vol. 48, No. 8, pp. 1569-1612","New Keynesian DSGE with Dual Financial Accelerator (Linear)","United States","4. Banking Sector / Bank Capital Channel","financial accelerator (BGG), banking sector, variable capital util., Calvo prices, habit formation, Bayesian estimation"
"NK_RW06_rep","Optimal Monetary Policy with the Cost Channel","Federico Ravenna and Carl E. Walsh","2006","Journal of Monetary Economics, Vol. 53, pp. 199-216","New Keynesian (3-equation, Linear)","Stylized","1. Baseline NK / Monetary Policy Rules","Minimal three-equation New Keynesian model, cost channel, Calvo prices"
"NK_RW97_rep","An Optimization-Based Econometric Framework for the Evaluation of Monetary Policy","Julio J. Rotemberg and Michael Woodford","1997","NBER Macroeconomics Annual, Vol. 12, pp. 297-346","New Keynesian (3-equation, Linear)","United States","1. Baseline NK / Monetary Policy Rules","Calvo prices, preference/risk-premium shocks"
"NK_ST13_rep","Inside Money in General Equilibrium: Does It Matter for Monetary Policy?","Livio Stracca","2013","Macroeconomic Dynamics, Vol. 17, pp. 563-590","New Keynesian DSGE with Financial Intermediation and Inside Money","Stylized","4. Banking Sector / Bank Capital Channel","inside money, deposit-in-advance, portfolio choice, Rotemberg price adj., investment adj. costs, external finance premium, Flexible-price counterpart for output gap"
"RBC_DTT11_rep","Monetary Policy and the Financing of Firms","Fiorella De Fiore, Pedro Teles, and Oreste Tristani","2011","American Economic Journal: Macroeconomics, Vol. 3, No. 4, pp. 112-142","Real Business Cycle with Financial Frictions and Optimal Monetary Policy","Stylized","3. Financial Accelerator / BGG-type Credit Frictions","credit frictions, endogenous default, nominal debt contracts, costly state verification"
"UK_SM11_rep","An Estimated DSGE Model of Energy, Costs and Inflation in the United Kingdom","Stephen Millard (based on Harrison, Thomas, and de Weymarn 2008 BBWE framework, modified by Maria Barriel and Stephen Millard 2009)","2011","Bank of England Working Paper No. 432","New Keynesian DSGE, Small Open Economy with Energy Sector (Linear)","United Kingdom","10. Energy & Commodities","imported energy inputs, Three consumption sub-categories, small open economy, investment adj. costs, habit formation, Calvo prices+wages, Bayesian estimation, Flexible-price counterpart for output/value-added gap"
"US_ACELm_rep","Firm-Specific Capital, Nominal Rigidities and the Business Cycle","David Altig, Lawrence J. Christiano, Martin Eichenbaum, and Jesper Linde","2011 (circulated as NBER Working Paper 2004, published in Review of Economic Dynamics 2011)","Review of Economic Dynamics, Vol. 14, No. 2, pp. 225-247","Medium-Scale New Keynesian DSGE with Firm-Specific Capital (Linear)","United States","2. Estimated DSGE Benchmarks (Smets-Wouters Type)","firm-specific capital, Calvo prices, Calvo wages, habit formation, variable capital util., investment adj. costs, Money-in-advance, IST shocks"
"US_ACELswm_rep","Firm-Specific Capital, Nominal Rigidities and the Business Cycle","David Altig, Lawrence J. Christiano, Martin Eichenbaum, and Jesper Linde","2011 (circulated as working paper 2004)","Review of Economic Dynamics, Vol. 14, No. 2, pp. 225-247","Medium-Scale New Keynesian DSGE without Cost Channel (Linear)","United States","2. Estimated DSGE Benchmarks (Smets-Wouters Type)","Switches off working capital/cost channel, Calvo prices, Calvo wages, habit formation, variable capital util., investment adj. costs, Money-in-advance, Growth model with stochastic trends"
"US_ACELswt_rep","Firm-Specific Capital, Nominal Rigidities and the Business Cycle","David Altig, Lawrence J. Christiano, Martin Eichenbaum, and Jesper Linde","2011 (circulated as working paper 2004)","Review of Economic Dynamics, Vol. 14, No. 2, pp. 225-247","Medium-Scale New Keynesian DSGE without Cost Channel (Linear)","United States","2. Estimated DSGE Benchmarks (Smets-Wouters Type)","Switches off working capital/cost channel, Calvo prices, Calvo wages, habit formation, variable capital util., investment adj. costs, Money-in-advance, Growth model with stochastic trends"
"US_ACELt_rep","Firm-Specific Capital, Nominal Rigidities and the Business Cycle","David Altig, Lawrence J. Christiano, Martin Eichenbaum, and Jesper Linde","2011 (circulated as working paper 2004)","Review of Economic Dynamics, Vol. 14, No. 2, pp. 225-247","Medium-Scale New Keynesian DSGE with Firm-Specific Capital and Cost Channel (Linear)","United States","2. Estimated DSGE Benchmarks (Smets-Wouters Type)","Cost channel active, firm-specific capital, Calvo prices, Calvo wages, habit formation, variable capital util., investment adj. costs, Money-in-advance"
"US_AJ16_rep","Financial Intermediation, Investment Dynamics, and Business Cycle Fluctuations","Andrea Ajello","2016","American Economic Review, Vol. 106, No. 8, pp. 2256-2303","New Keynesian DSGE with Heterogeneous Firms and Financial Intermediation","United States","3. Financial Accelerator / BGG-type Credit Frictions","financial intermediary, Two types of firms, Calvo prices"
"US_BB18_rep","Oil Supply Shocks and the U.S. Economy: An Estimated DSGE Model","Nathan Balke and Stephen P.A. Brown","2018","Energy Policy, Vol. 116, pp. 357-372","New Keynesian DSGE with Energy/Oil Sector","United States","10. Energy & Commodities","Consumer durables sector, Transportation sector, Final goods aggregating across sectors, Estimated on US data"
"US_BKM12_rep","Smets-Wouters Model Re-estimated on Bimonthly US Data with Sector-Specific Deflators","Roberto M. Billi, Johan Karlsson, and Martin Molin (Riksbank)","2012","Sveriges Riksbank Working Paper (internal/unpublished; code dated 2011-2012)","Medium-Scale New Keynesian Bayesian DSGE (Smets-Wouters framework, Linear)","United States (bimonthly frequency, 1989-2009)","2. Estimated DSGE Benchmarks (Smets-Wouters Type)","Based on Smets + Wouters, Re-estimated on bimonthly US data, Calvo prices, Calvo wages, habit formation, variable capital util., investment adj. costs, 7 structural shocks"
"US_CCF12_rep","The Macroeconomic Effects of Large-Scale Asset Purchase Programmes","Han Chen, Vasco Curdia, and Andrea Ferrero","2012","The Economic Journal, Vol. 122, No. 564, pp. F289-F315","New Keynesian DSGE with Bond Market Segmentation (Linear)","United States","9. Unconventional Monetary Policy / QE","Smets-Wouters, term structure, Bond market segmentation, Long-term government bonds, QE/asset purchases, Calvo prices+wages"
"US_CCTW10_rep","New Keynesian versus Old Keynesian Government Spending Multipliers","John F. Cogan, Tobias Cwik, John B. Taylor, and Volker Wieland","2010","Journal of Economic Dynamics and Control, Vol. 34, No. 3, pp. 281-295","Medium-Scale New Keynesian Bayesian DSGE with Fiscal Block (Linear)","United States","7. Fiscal Policy / Government Spending","Based on Smets + Wouters, Ricardian/non-Ricardian HH, govt debt dynamics, fiscal rule, hand-to-mouth HH, Calvo prices, Calvo wages, habit formation"
"US_CD08_rep","The Financial Accelerator in an Estimated New Keynesian Model","Ian Christensen and Ali Dib","2008","Review of Economic Dynamics, Vol. 11, No. 1, pp. 155-178","New Keynesian DSGE with Financial Accelerator (BGG)","United States/Canada","3. Financial Accelerator / BGG-type Credit Frictions","financial accelerator (BGG), costly state verification, entrepreneur net worth, money-in-utility (MIU), Calvo prices, Capital adjustment costs, Bayesian estimation"
"US_CET15_rep","Understanding the Great Recession","Lawrence Christiano, Martin Eichenbaum, and Mathias Trabandt","2015","American Economic Journal: Macroeconomics, Vol. 7, No. 1, pp. 110-167","Medium-Scale New Keynesian DSGE with Unemployment and Search Frictions","United States","5. Labour Market Frictions (Search & Matching)","search-and-matching, habit formation, investment adj. costs, Calvo prices, Calvo wages, Two parallel economies, Bayesian estimation"
"US_CFOP14_rep","Estimating Contract Indexation in a Financial Accelerator Model","Charles T. Carlstrom, Timothy S. Fuerst, Alberto Ortiz, and Matthias Paustian","2014","Journal of Economic Dynamics and Control, Vol. 46, pp. 130-149","Medium-Scale New Keynesian DSGE with Financial Accelerator and Contract Indexation","United States","3. Financial Accelerator / BGG-type Credit Frictions","Based on Smets-Wouters, financial accelerator (BGG), Estimated variants, Calvo prices, Calvo wages, habit formation, investment adj. costs, Working capital loans"
"US_CFP17endo_rep","Targeting Long Rates in a Model with Segmented Markets","Charles T. Carlstrom, Timothy S. Fuerst, and Matthias Paustian","2017","American Economic Journal: Macroeconomics, Vol. 9, No. 1, pp. 205-242","New Keynesian DSGE with Segmented Bond Markets and Financial Intermediation (Linear)","United States","4. Banking Sector / Bank Capital Channel","financial intermediary, Two types of bonds, Calvo prices, Calvo wages, habit formation, investment adj. costs, Flexible-price counterpart for output gap"
"US_CFP17exo_rep","Targeting Long Rates in a Model with Segmented Markets","Charles T. Carlstrom, Timothy S. Fuerst, and Matthias Paustian","2017","American Economic Journal: Macroeconomics, Vol. 9, No. 1, pp. 205-242","New Keynesian DSGE with Segmented Bond Markets and Exogenous Segmentation (Linear)","United States","4. Banking Sector / Bank Capital Channel","financial intermediary, Two types of bonds, Calvo prices, Calvo wages, habit formation, investment adj. costs, Flexible-price counterpart for output gap"
"US_CMR10_rep","Financial Factors in Economic Fluctuations","Lawrence J. Christiano, Roberto Motto, Massimo Rostagno","2010","ECB Working Paper No. 1192","Medium-scale New Keynesian DSGE with banking sector and financial frictions","United States (and Euro Area)","3. Financial Accelerator / BGG-type Credit Frictions","banking sector, financial accelerator (BGG), habit formation, investment adj. costs, Calvo prices+wages, Money demand, distortionary taxes, Flexible-price/wage counterfactual economy included"
"US_CMR10fa_rep","Financial Factors in Economic Fluctuations (Financial Accelerator Model variant)","Lawrence J. Christiano, Roberto Motto, Massimo Rostagno","2010","ECB Working Paper No. 1192","Medium-scale New Keynesian DSGE with financial accelerator (simplified banking variant)","United States","3. Financial Accelerator / BGG-type Credit Frictions","financial accelerator (BGG), habit formation, investment adj. costs, Calvo prices+wages, No detailed banking/money demand block, entrepreneur net worth"
"US_CMR14_rep","Risk Shocks","Lawrence J. Christiano, Roberto Motto, Massimo Rostagno","2014","American Economic Review, Vol. 104, No. 1, pp. 27-65","Medium-scale New Keynesian DSGE with financial frictions and risk shocks","United States","3. Financial Accelerator / BGG-type Credit Frictions","Time-varying volatility, financial accelerator (BGG), Anticipated, habit formation, Calvo prices+wages, investment adj. costs, Bayesian estimation"
"US_CMR14noFA_rep","Risk Shocks (No Financial Accelerator variant)","Lawrence J. Christiano, Roberto Motto, Massimo Rostagno","2014","American Economic Review, Vol. 104, No. 1, pp. 27-65","Medium-scale New Keynesian DSGE without financial accelerator (counterfactual variant)","United States","3. Financial Accelerator / BGG-type Credit Frictions","financial accelerator (BGG), credit frictions, habit formation, Calvo prices+wages, investment adj. costs, Flexible-price/wage counterfactual economy included, Bayesian estimation"
"US_CPS10_rep","Inflation-Gap Persistence in the US","Timothy Cogley, Giorgio E. Primiceri, Thomas J. Sargent","2010","American Economic Journal: Macroeconomics, Vol. 2, No. 1, pp. 43-69","Small-scale New Keynesian DSGE (linearized)","United States","1. Baseline NK / Monetary Policy Rules","inflation targeting, habit formation, Calvo prices, Parameterization from two subsamples"
"US_DG08_rep","The External Finance Premium and the Macroeconomy: US Post-WWII Evidence","Ferre De Graeve","2008","Journal of Economic Dynamics and Control, Vol. 32, No. 11, pp. 3415-3440","Medium-scale New Keynesian DSGE with financial accelerator","United States (post-WWII, 1954-2004)","3. Financial Accelerator / BGG-type Credit Frictions","financial accelerator (BGG), habit formation, investment adj. costs, Calvo prices+wages, Flexible-price/wage counterfactual variables included, Estimated on US data, external finance premium"
"US_DNGS15_rep","Inflation in the Great Recession and New Keynesian Models","Marco Del Negro, Marc P. Giannoni, Frank Schorfheide","2015","American Economic Journal: Macroeconomics, Vol. 7, No. 1, pp. 168-196","Medium-scale New Keynesian DSGE with financial frictions (baseline variant)","United States","2. Estimated DSGE Benchmarks (Smets-Wouters Type)","credit frictions, financial accelerator (BGG), habit formation, Calvo prices+wages, investment adj. costs, Flexible-price/wage counterfactual variables included, inflation targeting"
"US_DNGS15_SW_rep","Inflation in the Great Recession and New Keynesian Models (SW variant -- Smets-Wouters without financial frictions)","Marco Del Negro, Marc P. Giannoni, Frank Schorfheide","2015","American Economic Journal: Macroeconomics, Vol. 7, No. 1, pp. 168-196","Medium-scale New Keynesian DSGE without financial frictions (Smets-Wouters 2007 re-estimated with 2012Q3 data)","United States","2. Estimated DSGE Benchmarks (Smets-Wouters Type)","Smets-Wouters, financial accelerator (BGG), habit formation, Calvo prices+wages, investment adj. costs, Flexible-price/wage counterfactual variables included, inflation targeting, credit frictions"
"US_DNGS15_SWpi_rep","Inflation in the Great Recession and New Keynesian Models (SWpi variant -- SW with drifting inflation target)","Marco Del Negro, Marc P. Giannoni, Frank Schorfheide","2015","American Economic Journal: Macroeconomics, Vol. 7, No. 1, pp. 168-196","Medium-scale New Keynesian DSGE with drifting inflation target but without financial frictions","United States","2. Estimated DSGE Benchmarks (Smets-Wouters Type)","inflation targeting, credit frictions, habit formation, Calvo prices+wages, investment adj. costs, Flexible-price/wage counterfactual variables included"
"US_DNGS15_SWSP_rep","Inflation in the Great Recession and New Keynesian Models (SWSP variant -- SW with financial frictions and credit spread observable)","Marco Del Negro, Marc P. Giannoni, Frank Schorfheide","2015","American Economic Journal: Macroeconomics, Vol. 7, No. 1, pp. 168-196","Medium-scale New Keynesian DSGE with financial frictions estimated with credit spread data","United States","2. Estimated DSGE Benchmarks (Smets-Wouters Type)","credit frictions, financial accelerator (BGG), external finance premium, habit formation, Calvo prices+wages, investment adj. costs, Flexible-price/wage counterfactual variables included, inflation targeting"
"US_FGKR15_rep","Fiscal Volatility Shocks and Economic Activity","Jesus Fernandez-Villaverde, Pablo Guerron-Quintana, Keith Kuester, Juan Rubio-Ramirez","2015","American Economic Review, Vol. 105, No. 11, pp. 3352-3384","Medium-scale New Keynesian DSGE with stochastic volatility in fiscal instruments","United States","7. Fiscal Policy / Government Spending","distortionary taxes, Calvo prices, habit formation, investment adj. costs, 2nd-order approximation"
"US_FM95_rep","Inflation Persistence / Monetary Policy Trade-offs and the Correlation between Nominal Interest Rates and Real Output","Jeffrey C. Fuhrer, George R. Moore","1995","Quarterly Journal of Economics, Vol. 110, No. 1, pp. 127-159 (primary); American Economic Review, Vol. 85, No. 1, pp. 219-239 (secondary)","Small-scale backward-looking/hybrid macro model (linearized)","United States","1. Baseline NK / Monetary Policy Rules","staggered wage contracts, Fuhrer-Moore contracts, Model described in Levin-Wieland-Williams, Parameterization from Fuhrer, Linear model"
"US_FMS134_rep","A Pitfall with Estimated DSGE-Based Government Spending Multipliers","Patrick Feve, Julien Matheron, Jean-Guillaume Sahuc","2013","American Economic Journal: Macroeconomics, Vol. 5, No. 4, pp. 141-178","Medium-scale New Keynesian DSGE with endogenous fiscal policy and Edgeworth complementarity","United States","7. Fiscal Policy / Government Spending","habit formation, Calvo prices+wages, investment adj. costs, Endogenous government spending rule, Bayesian estimation"
"US_FRB03_rep","The Performance of Forecast-Based Monetary Policy Rules under Model Uncertainty","Andrew Levin, Volker Wieland, John C. Williams","2003","American Economic Review, Vol. 93, No. 3, pp. 622-645","Large-scale linearized macroeconometric model (FRB-US LINVER version, 2003 vintage)","United States","14. Large Official Policy Models","large-scale multi-sector, Fiscal sector, Financial sector"
"US_FRB08_rep","FRB/US Model (February 2008 vintage, Rational Expectations version)","Federal Reserve Board Staff (model equations and parameters as of February 2008, provided by Thomas Laubach)","2008","Federal Reserve Board internal model / FEDS Working Paper; documented in Brayton, Laubach, Reifschneider (2014), FEDS Notes","Large-scale linearized macroeconometric model (FRB-US LINVER, rational expectations)","United States","14. Large Official Policy Models","large-scale multi-sector, Detailed disaggregated consumption, Labor market, Financial sector, Detailed fiscal sector"
"US_FRB08mx_rep","FRB/US Model (February 2008 vintage, Mixed Expectations version)","Federal Reserve Board Staff (model equations as of February 2008, provided by Thomas Laubach; MMB adaptation by M. Wolters and M. Burgert)","2008","Federal Reserve Board internal model; documented in Brayton, Laubach, Reifschneider (2014), FEDS Notes","Large-scale linearized macroeconometric model (FRB-US, mixed expectations)","United States","14. Large Official Policy Models","""mx"" variant, Very large-scale model"
"US_FRB22_rep","LINVER: The Linear Version of FRB/US","Flint Brayton, David Reifschneider","2022","Finance and Economics Discussion Series (FEDS), Federal Reserve Board, No. 2022-53","Large-scale linearized macroeconometric model (FRB-US LINVER, 2022 vintage)","United States","14. Large Official Policy Models","2022 vintage of the linearized, large-scale multi-sector, housing market, Expanded labor market sector"
"US_FU19_rep","Accounting for Post-Crisis Inflation: A Retro Analysis","Chiara Fratto, Harald Uhlig","2019 (published 2020)","Review of Economic Dynamics, Vol. 35, pp. 133-153","Medium-scale New Keynesian DSGE (Smets-Wouters style, linearized)","United States","2. Estimated DSGE Benchmarks (Smets-Wouters Type)","Smets-Wouters, habit formation, Calvo prices+wages, investment adj. costs"
"US_FV10_rep","The Econometrics of DSGE Models (Baseline New Keynesian DSGE Model)","Jesus Fernandez-Villaverde (model implementation by Benjamin Born and Johannes Pfeifer)","2010","SERIEs: Journal of the Spanish Economic Association, Vol. 1, pp. 3-49","Baseline New Keynesian DSGE (nonlinear, with investment-specific technology)","United States","2. Estimated DSGE Benchmarks (Smets-Wouters Type)","nonlinear model, IST shocks, Calvo prices+wages, Capital utilization with quadratic costs, Capital adjustment costs, habit formation, preference/risk-premium shocks, predetermined_variables declaration for capital"
"US_FV15_rep","Nonlinear Adventures at the Zero Lower Bound (Time-Varying Volatility variant of Fernandez-Villaverde baseline model)","Jesus Fernandez-Villaverde, Pablo Guerron-Quintana, Juan F. Rubio-Ramirez, Martin Uribe (implementation by Philipp Lieberknecht)","2015","Journal of Economic Dynamics and Control, Vol. 57, pp. 182-204 (primary reference for stochastic volatility extension)","Baseline New Keynesian DSGE with time-varying (stochastic) volatility","United States","2. Estimated DSGE Benchmarks (Smets-Wouters Type)","Extension of Fernandez-Villaverde, nonlinear model, Calvo prices+wages, investment adj. costs, habit formation, predetermined_variables declaration for capital"
"US_HL16_rep","The Equity Price Channel in a New-Keynesian DSGE Model with Financial Frictions and Banking","Hylton Hollander, Guangling Liu","2016","Economic Modelling, Vol. 52(PB), pp. 375-389","Medium-scale New Keynesian DSGE with banking sector, housing, and heterogeneous households (estimated)","United States","4. Banking Sector / Bank Capital Channel","patient/impatient HH, bank capital/leverage, collateral constraints (LTV), Calvo prices, habit formation, Physical capital adjustment costs, Estimated on US data, Equity"
"US_IAC05_rep","House Prices, Borrowing Constraints, and Monetary Policy in the Business Cycle","Matteo Iacoviello","2005","American Economic Review, Vol. 95, No. 3, pp. 739-764","Small-scale New Keynesian DSGE with housing and collateral constraints (linearized)","United States","8. Housing / Collateral Constraints","patient/impatient HH, nominal debt contracts, collateral constraints (LTV), Calvo prices, Linearized model"
"US_IN10_rep","Housing Market Spillovers: Evidence from an Estimated DSGE Model","Matteo Iacoviello, Stefano Neri","2010","American Economic Journal: Macroeconomics, Vol. 2, No. 2, pp. 125-164","Two-sector New Keynesian DSGE with housing sector (estimated)","United States","8. Housing / Collateral Constraints","housing market, patient/impatient HH, Two capital stocks, Two labor types, Sector-specific productivity trends, Calvo prices+wages, investment adj. costs, Flexible-price/wage counterfactual economy included"
"US_IR11_rep","A New Keynesian Perspective on the Great Recession","Peter N. Ireland","2011","Journal of Money, Credit and Banking, Vol. 43, No. 1, pp. 31-54","Small-scale New Keynesian DSGE (linearized)","United States","2. Estimated DSGE Benchmarks (Smets-Wouters Type)","three-equation New Keynesian model, habit formation, inflation indexation, Renormalized cost-push shock, ML estimation, Observable variables"
"US_IR15_rep","Monetary Policy, Bond Risk Premia, and the Economy","Peter N. Ireland","2015","Journal of Monetary Economics, Vol. 76, pp. 124-140","Small-scale New Keynesian DSGE integrated with affine term structure model (macro-finance, linearized)","United States","4. Banking Sector / Bank Capital Channel","term structure, inflation targeting, Yield curve, Risk price parameters, Linearized model"
"US_JPT11_rep","Investment Shocks and the Relative Price of Investment","Alejandro Justiniano, Giorgio E. Primiceri, Andrea Tambalotti","2011","Review of Economic Dynamics, Vol. 14(1), pp. 102-121","New Keynesian DSGE (medium-scale, Bayesian estimated)","United States","2. Estimated DSGE Benchmarks (Smets-Wouters Type)","Bayesian estimation, IST shocks, habit formation, Calvo prices, variable capital util., investment adj. costs"
"US_KK14_rep","Toward a Taylor Rule for Fiscal Policy","Martin Kliem, Alexander Kriwoluzky","2014","Review of Economic Dynamics, Vol. 17(2), pp. 294-302","New Keynesian DSGE with distortionary taxation","United States","7. Fiscal Policy / Government Spending","capital accumulation, distortionary taxes, Calvo prices+wages, habit formation, investment adj. costs, Ricardian/non-Ricardian HH, Taylor-type monetary policy rule"
"US_KS15_rep","Monetary Policy and the Transaction Role of Money in the US","Alexander Kriwoluzky, Christian A. Stoltenberg","2015","The Economic Journal, Vol. 125(587), pp. 1452-1473","New Keynesian DSGE with explicit transaction role for money (linearized)","United States","11. Money-in-the-Model","money-in-utility (MIU), no capital"
"US_LTW17_rep","Clearing Up the Fiscal Multiplier Morass","Eric M. Leeper, Nora Traum, Todd B. Walker","2017","American Economic Review, Vol. 107(8), pp. 2409-2454","Medium-scale New Keynesian DSGE with rich fiscal block (Bayesian estimated)","United States","7. Fiscal Policy / Government Spending","distortionary taxes, rule-of-thumb HH, investment adj. costs, Calvo prices+wages, Two distinct monetary-fiscal policy regimes, Baseline version"
"US_LTW17gz_rep","Clearing Up the Fiscal Multiplier Morass (gz variant -transfers respond to debt)","Eric M. Leeper, Nora Traum, Todd B. Walker","2017","American Economic Review, Vol. 107(8), pp. 2409-2454","Medium-scale New Keynesian DSGE with rich fiscal block (Bayesian estimated) -gz variant","United States","7. Fiscal Policy / Government Spending","govt debt dynamics, Ricardian/non-Ricardian HH, investment adj. costs, Calvo prices+wages, Two monetary-fiscal policy regimes"
"US_LTW17nu_rep","Clearing Up the Fiscal Multiplier Morass (nu variant -no government spending in utility)","Eric M. Leeper, Nora Traum, Todd B. Walker","2017","American Economic Review, Vol. 107(8), pp. 2409-2454","Medium-scale New Keynesian DSGE with rich fiscal block -nu (no utility) variant","United States","7. Fiscal Policy / Government Spending","Ricardian/non-Ricardian HH, investment adj. costs, Calvo prices+wages, Two monetary-fiscal policy regimes"
"US_LTW17rot_rep","Clearing Up the Fiscal Multiplier Morass (rot variant -rule-of-thumb consumers)","Eric M. Leeper, Nora Traum, Todd B. Walker","2017","American Economic Review, Vol. 107(8), pp. 2409-2454","Medium-scale New Keynesian DSGE with rich fiscal block -rot (rule-of-thumb) variant","United States","7. Fiscal Policy / Government Spending","rule-of-thumb HH, investment adj. costs, Calvo prices+wages, Government spending in utility function, Two monetary-fiscal policy regimes"
"US_LWY13_rep","Fiscal Foresight and Information Flows","Eric M. Leeper, Todd B. Walker, Shu-Chun Susan Yang","2013","Econometrica, Vol. 81(3), pp. 1115-1145","Medium-scale New Keynesian DSGE with fiscal foresight (news shocks)","United States","7. Fiscal Policy / Government Spending","distortionary taxes, fiscal foresight, Ricardian/non-Ricardian HH, investment adj. costs, Calvo prices+wages, ZLB"
"US_MI07_rep","Expectations, Learning and Macroeconomic Persistence","Fabio Milani","2007","Journal of Monetary Economics, Vol. 54(7), pp. 2065-2082","New Keynesian (linearized) with adaptive learning -rational expectations version in MMB","United States","12. Learning & Expectations Formation","adaptive learning, habit formation, inflation indexation, Bayesian estimation, state space"
"US_MR07_rep","Sticky Information in General Equilibrium","N. Gregory Mankiw, Ricardo Reis","2007","Journal of the European Economic Association, Vol. 5(2-3), pp. 603-613","New Keynesian DSGE with sticky information (linearized)","United States","12. Learning & Expectations Formation","sticky information, Bayesian estimation, Variables"
"US_OR03_rep","The Quest for Prosperity without Inflation","Athanasios Orphanides","2003","Journal of Monetary Economics, Vol. 50(3), pp. 633-663","Small-scale backward-looking empirical macro model (VAR-based structural equations)","United States","1. Baseline NK / Monetary Policy Rules","Purely backward-looking, Real-time data analysis, Three-variable system"
"US_OW98_rep","Price Stability and Monetary Policy Effectiveness when Nominal Interest Rates are Bounded at Zero","Athanasios Orphanides, Volker Wieland","1998","Finance and Economics Discussion Series, No. 1998-35, Board of Governors of the Federal Reserve System","Small-scale structural macroeconometric model with zero lower bound (semi-structural)","United States","1. Baseline NK / Monetary Policy Rules","ZLB, Multi-equation system covering, term structure, inflation targeting"
"US_PM08_rep","A Small Quarterly Projection Model of the US Economy","Ioan Carabenciov, Igor Ermolaev, Charles Freedman, Michel Juillard, Ondra Kamenik, Dmitry Korshunov, Douglas Laxton","2008","IMF Working Paper No. 08/278","Small semi-structural quarterly projection model (no financial-real linkages -baseline version)","United States","14. Large Official Policy Models","Core variables, Equilibrium real interest rate, financial conditions channel"
"US_PM08fl_rep","A Small Quarterly Projection Model of the US Economy (with Financial-Real Linkages)","Ioan Carabenciov, Igor Ermolaev, Charles Freedman, Michel Juillard, Ondra Kamenik, Dmitry Korshunov, Douglas Laxton","2008","IMF Working Paper No. 08/278","Small semi-structural quarterly projection model with financial-real linkages (fl variant)","United States","3. Financial Accelerator / BGG-type Credit Frictions","financial conditions channel, Core variables"
"US_PV15_rep","Financial Frictions and the Extensive Margin of Activity","Jean-Christophe Poutineau, Gauthier Vermandel","2015","Research in Economics, Vol. 69(4), pp. 525-554","New Keynesian DSGE with financial frictions and firm entry/exit (extensive margin)","United States","3. Financial Accelerator / BGG-type Credit Frictions","financial accelerator (BGG), credit frictions, Heterogeneous firms, patient/impatient HH, Calvo prices+wages, investment adj. costs, external finance premium, Estimated on US data 1993Q1–2012Q3"
"US_RA07_rep","Does Inflation Increase after a Monetary Policy Tightening? Answers Based on an Estimated DSGE Model","Pau Rabanal","2007","Journal of Economic Dynamics and Control, Vol. 31(3), pp. 906-937","New Keynesian DSGE with cost channel of monetary transmission (nonlinear, estimated)","United States","1. Baseline NK / Monetary Policy Rules","cost channel, The cost channel, Calvo prices+wages, habit formation, investment adj. costs, Bayesian estimation, Addresses the ""price puzzle"""
"US_RE09_rep","A Sticky-Information General-Equilibrium Model for Policy Analysis","Ricardo Reis","2009","In: Monetary Policy under Uncertainty and Learning, edited by K. Schmidt-Heubel, C. Walsh and N. Loayza, Central Bank of Chile, Santiago, pp. 227-283 (also NBER Working Paper No. 14732, 2009)","New Keynesian DSGE with sticky information in prices, wages, and consumption (linearized)","United States","12. Learning & Expectations Formation","sticky information, Information stickiness, Bayesian estimation, no capital, Covers"
"US_RS99_rep","Policy Rules for Inflation Targeting","Glenn D. Rudebusch, Lars E. O. Svensson","1999","In: Monetary Policy Rules, edited by John B. Taylor, University of Chicago Press for NBER, pp. 203-262","Small-scale backward-looking reduced-form macro model (semi-structural)","United States","1. Baseline NK / Monetary Policy Rules","Four-quarter average inflation, Linear-quadratic policy rule optimization possible"
"US_SW07_rep","Shocks and Frictions in US Business Cycles: A Bayesian DSGE Approach","Frank Smets, Rafael Wouters","2007","American Economic Review, Vol. 97(3), pp. 586-606","Medium-scale New Keynesian DSGE (Bayesian estimated) -benchmark model","United States","2. Estimated DSGE Benchmarks (Smets-Wouters Type)","markup shocks, habit formation, Calvo prices, Calvo wages, investment adj. costs"
"US_VI16bgg_rep","Financial Frictions in the Euro Area and the United States: A Bayesian Assessment","Stefania Villa","2016","Macroeconomic Dynamics, Vol. 20(5), pp. 1313-1340","Smets-Wouters DSGE augmented with BGG financial accelerator (Bernanke-Gertler-Gilchrist) -US version","United States","3. Financial Accelerator / BGG-type Credit Frictions","financial accelerator (BGG), costly state verification, external finance premium, Calvo prices+wages, habit formation, investment adj. costs, Bayesian estimation"
"US_VI16gk_rep","Financial Frictions in the Euro Area and the United States: A Bayesian Assessment","Stefania Villa","2016","Macroeconomic Dynamics, Vol. 20(5), pp. 1313-1340","Smets-Wouters DSGE augmented with Gertler-Karadi financial intermediary frictions -US version","United States","4. Banking Sector / Bank Capital Channel","financial intermediary, credit frictions, Franchise value of surviving banks, Calvo prices+wages, habit formation, investment adj. costs, Bayesian estimation"
"US_VMDno_rep","(Un)anticipated Monetary Policy in a DSGE Model with a Shadow Banking System","Fabio Verona, Manuel M. F. Martins, Ines Drumond","2013","International Journal of Central Banking, Vol. 9(3), pp. 78-124","Large-scale New Keynesian DSGE with shadow banking system -""normal times"" variant","United States","4. Banking Sector / Bank Capital Channel","banking sector, financial intermediary, financial accelerator (BGG), Calvo prices+wages, habit formation, investment adj. costs"
"US_VMDop_rep","(Un)anticipated Monetary Policy in a DSGE Model with a Shadow Banking System","Fabio Verona, Manuel M. F. Martins, Ines Drumond","2013","International Journal of Central Banking, Vol. 9(3), pp. 78-124","Large-scale New Keynesian DSGE with shadow banking system -""optimistic times"" variant","United States","4. Banking Sector / Bank Capital Channel","""Optimistic times"", banking sector, financial intermediary, Calvo prices+wages, habit formation, investment adj. costs"
"US_YR13_rep","The Implications of Financial Frictions and Imperfect Knowledge in the Estimated DSGE Model of the US Economy","Yuliya Rychalovska","2013 (working paper version; published in Journal of Economic Dynamics and Control, Vol. 73, pp. 259-282, 2016)","CERGE-EI Working Paper No. 482 (2013); Journal of Economic Dynamics and Control, Vol. 73, pp. 259-282 (2016)","Smets-Wouters DSGE with financial accelerator (BGG) and adaptive learning","United States","3. Financial Accelerator / BGG-type Credit Frictions","adaptive learning, financial accelerator (BGG), entrepreneur net worth, Calvo prices+wages, habit formation, investment adj. costs"
